sep=,,,
_ITEM_MINE128_NAME,Мина версии 128,Mine v. 128,
_ITEM_MINE128_DESCRIPTION,Экспериментальная мина модель 128,Mine. Experimental model 128,
_ITEM_MINE300_NAME,Мина версии 300,Mine v. 300,
_ITEM_MINE300_DESCRIPTION,Экспериментальная мина модель 300,Mine. Experimental model 300,
_ITEM_MINE1000_NAME,Мина версии 1000,Mine v. 1000,
_ITEM_MINE1000_DESCRIPTION,Экспериментальная мина модель 1000,Mine. Experimental model 1000,
_ITEM_SALTPETEREX_NAME,Селитра модифицированная,Modified Nitrate,
_ITEM_SALTPETEREX_DESCRIPTION,"Селитра модифицированная, что в ней модифицировано - неизвестно.",Modified nitrate. Modified components unknown.,
_ITEM_Q006_STORY_1_NAME,Запись от демона,Master's note,
_ITEM_Q006_STORY_1_DESCRIPTION,Тут написано,"It says: ""Heroes on Demand!""",
_ITEM_Q006_STORY_2_NAME,Запись от лисы,Alchemist's note,
_ITEM_Q006_STORY_2_DESCRIPTION,Тут написано,"It says: ""Rescue Gang""",
_ITEM_Q006_STORY_3_NAME,Запись от робота,Blacksmith's note,
_ITEM_Q006_STORY_3_DESCRIPTION,Тут написано,There is... numbers?,
_ITEM_Q007_ELIXIR_NAME,Эликсир от лисы,Fox's potion,
_ITEM_Q007_ELIXIR_DESCRIPTION,Я бы такое не стал пить.,I'd better not drink it.,
_ITEM_Q008_ELIXIR_NAME,Эликсир от лисы,Secret potion,
_ITEM_Q008_ELIXIR_DESCRIPTION,Я бы такое не стал пить.,I'd better not drink it.,
_ITEM_Q015SILVERLEAF_NAME,Серебряный листик,Silver leaf,
_ITEM_Q015SILVERLEAF_DESCRIPTION,Блестит на солнце,It glints in sunlight.,
_ITEM_Q016_TRADE_CERTIFICATE_NAME,Сертификат торговца,Merchant's certificate,
_ITEM_Q016_TRADE_CERTIFICATE_DESCRIPTION,Выглядит несолидно.,Looks nerdy.,
_ITEM_Q018_ALCOHOL_NAME,Бухло для гнарков,Beverage for gnarks,
_ITEM_Q018_ALCOHOL_DESCRIPTION,Сладкое на вкус,It's sweet!,
_ITEM_Q020_SEEDS_NAME,Семена,Seeds,
_ITEM_Q020_SEEDS_DESCRIPTION,Можно посадить на марсе,Plant them on Mars.,
_ITEM_Q023_KEY_NAME,Ключ от клетки шерифа,Sheriff's cage key,
_ITEM_Q023_KEY_DESCRIPTION,Им можно чесать спину.,You can scratch your back with it.,
_ITEM_Q028_CERTIFICATE_NAME,Сертификат охранника,Security guard certificate,
_ITEM_Q028_CERTIFICATE_DESCRIPTION,Выглядит несолидно.,Looks nerdy.,
_ITEM_Q034FUEL_NAME,_ITEM_Q034FUEL_NAME,Fuel can,
_ITEM_Q034FUEL_DESCRIPTION,_ITEM_Q034FUEL_DESCRIPTION,"If you shake it, you hear the gas gurgling at the bottom.",
_ITEM_Q038_WHEELS_FOR_BANDITS_NAME,Колеса от повозки,Elite cart wheels,
_ITEM_Q038_WHEELS_FOR_BANDITS_DESCRIPTION,"Круглые, как луна",Valuable item for cart owners,
_ITEM_Q039_MONETS_FOR_BANDITS_NAME,Медяки бедняков,Copper coins,
_ITEM_Q038_MONETS_FOR_BANDITS_DESCRIPTION,"Эти деньги последнее, что у них было",Everything the poor earned...,
_ITEM_Q040_CARGO_FOR_BANDITS_NAME,Посылка с тайным грузом,Parcel for a bandit,
_ITEM_Q040_CARGO_FOR_BANDITS_DESCRIPTION,Слышен звук разбитого стекла. Надо было нести аккуратнее,A valuable parcel containing a secret item!,
_ITEM_Q041_WINE_FOR_SPIDER_NAME,Пиратское вино,Pirate wine,
_ITEM_Q041_WINE_FOR_SPIDER_DESCRIPTION,"Видавшая виды бутылка снаружи, а внутри что-то недобро булькает",So tasty,
_ITEM_Q041_SUIT_FOR_SPIDER_NAME,Шкура белого рогача,White stag's skin,
_ITEM_Q041_SUIT_FOR_SPIDER_DESCRIPTION,"Великолепного качества и мягкая, как одуванчик",Warm and white,
_ITEM_Q045_EQUIPMENT_FOR_BANDITS_NAME,Крутая снаряга,Bandit outfit,
_ITEM_Q045_EQUIPMENT_FOR_BANDITS_DESCRIPTION,Самое оно для грабежей и бесчинств,An excellent choice for looting and misbehaving.,
_ITEM_Q047_SILVERHAT_NAME,Шапочка из фольги,Tin Foil Cap,
_ITEM_Q047_SILVERHAT_DESCRIPTION,Говорят она снимает блок с разума,A great gift for paranoid friends and family members.,
_ITEM_Q048_EMPTYBOTTLE_NAME,Пустая бутылка,Empty bottle,
_ITEM_Q048_EMPTYBOTTLE_DESCRIPTION,"Такое ощущение, что я ее где-то видел.",A perfect container for liquids.,
_ITEM_Q048_FULLBOTTLE_NAME,Бутылка с водой из колодца,Bottle of well water,
_ITEM_Q048_FULLBOTTLE_DESCRIPTION,"Кажется этим колодцем никто давно не пользовался, вода грязная.",Muddy and tastes yucky. Drink only in extreme circumstances.,
_ITEM_Q048_FAKEMONEY_NAME,Пластиковые деньги,Plastic money,
_ITEM_Q048_FAKEMONEY_DESCRIPTION,Скучная игрушка,Beautiful and totally useless.,
_ITEM_Q050_FAKE_BLUE_DRONT_NAME,Поддельный синий дронт,Fake blue dodo,
_ITEM_Q050_FAKE_BLUE_DRONT_DESCRIPTION,Эта птица имеет благородный окрас,Leaves spots of blue paint but looks nice.,
_ITEM_Q051_BLUEBERRY_NAME,Синяя ягодка,Blue berry,
_ITEM_Q051_BLUEBERRY_DESCRIPTION,"Такая же как красная, только выбрала другой путь","The same as a red bery, it just chose to do its own thing.",
_ITEM_Q051_BLUE_PAINT_NAME,Банка синей краски,Jar of blue paint,
_ITEM_Q051_BLUE_PAINT_DESCRIPTION,На вкус как варенье,Tastes like jam,
_ITEM_Q052_LEGENDARY_WEAPON_NAME,Кистень Вонана Карвара,Sword of Bonan the Carbarian,
_ITEM_Q052_LEGENDARY_WEAPON_DESCRIPTION,Ржавый и почему-то липкий,"Rusty, heavy, epic.",
_ITEM_Q053_INSTRUMENTS_NAME,Редкий набор инструментов,Rare tool set,
_ITEM_Q053_INSTRUMENTS_DESCRIPTION,С помощью них можно создавать механические ШЕДЕВРЫ,Excellent for repairing old robots.,
_ITEM_Q054_CLEAR_OIL_NAME,Чистое машинное масло,Engine oil,
_ITEM_Q054_CLEAR_OIL_DESCRIPTION,Вы смотрите на блестящее машинное масло и видите свое отражение,As pure as the tear of a mechanical baby.,
_ITEM_Q055_NEW_DETAILS_NAME,Детали от робота,Robot parts,
_ITEM_Q055_NEW_DETAILS_DESCRIPTION,С этих железяк капает черная безжизненная жижа,Black lifeless goo that drips from these metal things.,
_ITEM_Q059_OIL_NAME,Машинное масло,Engine oil,
_ITEM_Q059_OIL_DESCRIPTION,"Если его выпить, непроизвольно выкрикиваешь - ""ЗИППА-ДИ-ДУДДА""!","If one drinks some, he starts shouting various words.",
_ITEM_Q060_JOURNAL_NAME,Журнал для Вонана,Magazine for Bonan,
_ITEM_Q060_JOURNAL_DESCRIPTION,Я даже не хочу заглядывать внутрь,I didn’t even look inside.,
_ITEM_Q063_LOCKPICKS_NAME,Электронные отмычки,Electronic keys,
_ITEM_Q063_LOCKPICKS_DESCRIPTION,На этом странном приборе моргает красная лампочка... Так и должно быть?,With a blinking red lamp,
_ITEM_Q064_RESIN_BOOTS_NAME,Резиновые сапоги,Rain boots,
_ITEM_Q064_RESIN_BOOTS_DESCRIPTION,"Когда ходишь в этих сапогах по земле, они прикольно скрипят",Waterproof and nice looking,
_ITEM_Q065_SUPER_OIL_NAME,Супер масло,Superoil,
_ITEM_Q065_SUPER_OIL_DESCRIPTION,"Черное, как космос",Black,
_ITEM_Q070_RUSTY_PARTS_NAME,Ржавые запчасти,Rusty parts,
_ITEM_Q070_RUSTY_PARTS_DESCRIPTION,"Кажется этого голиафа забросили очень давно, он обрел разум и заржавел.",Goliath with Artifical Intelligence,
_ITEM_Q073_ORANGE_CHIPS_NAME,Оранжевые микросхемы,Orange chips,
_ITEM_Q073_ORANGE_CHIPS_DESCRIPTION,"Знающие люди готовы за них хорошо заплатить, а для вас это просто мусор...","Knowledgeable people are willing to pay well for them, but for you it's just a waste ...",
_ITEM_Q074_WHITE_DRINK_NAME,"Бутылка виски ""Белая крыса""","A bottle of whiskey ""white rat""",
_ITEM_Q074_WHITE_DRINK_DESCRIPTION,Ограниченная партия,Restricted party,
_ITEM_Q076_UNDER_DOOR_KEY_NAME,Ключ от двери,Key from door,
_ITEM_Q076_UNDER_DOOR_KEY_DESCRIPTION,Наверняка открывает какую-то дверь в подвале,Surely it opens a door in the basement,
_ITEM_Q076_GLOWING_HORN_NAME,Светящиеся рога,Glowing horn,
_ITEM_Q076_GLOWING_HORN_DESCRIPTION,"Трухлявые старые рога, покрашенные светящейся краской","Rotten old horns, painted with luminous paint",
_ITEM_Q077_FOX_ELIXIR_RECIPE_NAME,Рецепт зелья транса,Recipe trance potion,
_ITEM_Q077_FOX_ELIXIR_RECIPE_DESCRIPTION,"Шершавый свиток приятно держать в руках, тут явно замешана магия...","Rough scroll pleasure to hold in their hands, there is clearly implicated in the magic ...",
_ITEM_Q079_HEART_OF_SPIRIT_NAME,Сердце духа земли,The heart of the land of the spirit,
_ITEM_Q079_HEART_OF_SPIRIT_DESCRIPTION,В этом сердце еще теплится жизнь и вы это чувствуете,This heart is still a glimmer of life and you feel it,
_ITEM_Q080_HEART_OF_BARS_NAME,Сердце барса,Heart leopard,
_ITEM_Q080_HEART_OF_BARS_DESCRIPTION,"Кусок еще теплого, кровавого мяса...","A piece of still warm, bloody flesh ...",
_ITEM_Q083_EMPTY_FLASK_NAME,Пустая фляга,Empty jar,
_ITEM_Q083_EMPTY_FLASK_DESCRIPTION,"Эта фляга совершенно пуста, ни капли влаги","This jar is completely empty, no water droplets",
_ITEM_Q083_FLASK_WITH_WATER_NAME,Полная фляга,Full jar,
_ITEM_Q083_FLASK_WITH_WATER_DESCRIPTION,Фляга наполнена водой до самых краев,The flask is filled with water to the brim,
_ITEM_WEAPONMAKER_BUILDING,_ITEM_WEAPONMAKER_BUILDING,_ITEM_WEAPONMAKER_BUILDING,
_ITEM_MAINBUILDING_BUILDING,Машина перемещений,Teleport device,
_ITEM_MECHMAKER_BUILDING,Сборщик мехов,Constructor,
_ITEM_WORKBENCH_BUILDING,Верстак,Workbench,
_ITEM_CHESTBASE_BUILDING,Сундук,Chest,
_ITEM_MECHGARAGE_BUILDING,Стойка для Голиафа,Goliath storage,
_ITEM_WOODMECH_1_NAME,Деревянный мех,Wood Goliath,
_ITEM_WOODMECH_1_DESCRIPTION,"Ловкий и быстрый робот.  Если он и не сможет победить врага, то точно сумеет убежать от него.","Dexterous and quick. Its attacks are weak, it constantly breaks down and burns nicely.",
_ITEM_IRONMECH_1_NAME,Железный мех,Iron Goliath,
_ITEM_IRONMECH_1_DESCRIPTION,Железная машина для убийств с встроенным подогревом.,Iron killing machine with built-in heatup.,
_ITEM_STONEMECH_1_NAME,Каменный мех,Stone Goliath,
_ITEM_STONEMECH_1_DESCRIPTION,"Сильный, мощный и внушительный робот с нежной и ранимой душой.","It’s something between a sledgehammer and an armored train. Indestructible, but very slow.",
_ITEM_BERRY_NAME,Ягода,Berries,
_ITEM_BERRY_DESCRIPTION,"Вкусная, спелая ягода","Unknown, but very tasty berries.",
_ITEM_FEATHER_NAME,Перо,Feather,
_ITEM_FEATHER_DESCRIPTION,Это перо я вырвал  из огромной курицы!,Property of a giant bird.,
_ITEM_GLUE_NAME,Клей,Glue,
_ITEM_GLUE_DESCRIPTION,Клей - надежное средство что-бы склеить собственные пальцы.,A good means for bonding someone’s fingers.,
_ITEM_LEAF_NAME,Лист,Leaf,
_ITEM_LEAF_DESCRIPTION,"Лист растения, надеюсь не ядовитый.","A plant leaf, not a poisoned one.",
_ITEM_METALGEAR_NAME,Железная шестерня,Iron gear,
_ITEM_METALGEAR_DESCRIPTION,Железная шестерня. Подойдет для сложных механизмов.,Part of complex mechanisms.,
_ITEM_MUCUS_NAME,Слизь,Mucus,
_ITEM_MUCUS_DESCRIPTION,Липкая слизь.,Sticky mucus.,
_ITEM_MUSHROOM_NAME,Гриб,Mushroom,
_ITEM_MUSHROOM_DESCRIPTION,С виду сьедобный гриб.,Delicious and good for your health. Maybe...,
_ITEM_POISON_NAME,Отвар,Brew,
_ITEM_POISON_DESCRIPTION,"Лечебный отвар. Ужасный вкус, применять только в крайнем случае.","Healing brew, tastes horrible, apply in case of emergency.",
_ITEM_POLE_NAME,Шест,Pole,
_ITEM_POLE_DESCRIPTION,Прочный шест. Две ветки прочней чем одна! Примерно раза в два.,A long stick of two twigs and a rope.,
_ITEM_ROCK_NAME,Камень,Stone,
_ITEM_ROCK_DESCRIPTION,Тяжелый булыжник. Без него никак не обойтись.,A heavy cobblestone. A multipurpose item.,
_ITEM_IRONORE_NAME,Железная руда,Metal ore,
_ITEM_IRONORE_DESCRIPTION,"Железная руда, ее можно переплавить в слиток.",One can make an iron bar of it.,
_ITEM_SALVE_NAME,Мазь,Ointment,
_ITEM_SALVE_DESCRIPTION,"Мазь прекрасно заживляет раны, побочных эффектов пока не выявлено.","A perfect treatment for healing wounds, no side effects found... yet.",
_ITEM_TIMBER_NAME,Бревно,Log,
_ITEM_TIMBER_DESCRIPTION,Из этого бревна я могу сделать много разных вещей.,The former tree that is even more useful than before.,
_ITEM_TWIG_NAME,Ветка,Twig,
_ITEM_TWIG_DESCRIPTION,Очень хлесткая ветка. Подойдет для многих рецептов.,A very biting twig. A useful material.,
_ITEM_AMULET_OF_STRENGTH_NAME,Амулет силы,Power amulet,
_ITEM_AMULET_OF_STRENGTH_DESCRIPTION,Таинственный и могучий амулет. Понятия не имею как он работает.,A mysterious and mighty amulet. I have no idea how it works.,
_ITEM_CHARCOAL_NAME,Уголь,Coal,
_ITEM_CHARCOAL_DESCRIPTION,"Черный уголь, может все перепачкать сажей.",Black coal can blacken everything with soot.,
_ITEM_CLUTCH_NAME,Когти,Claws,
_ITEM_CLUTCH_DESCRIPTION,Длинные когти убийственной остроты.,Long and deadly sharp claws.,
_ITEM_IRON_INGOT_NAME,Слиток железа,Iron bar,
_ITEM_IRON_INGOT_DESCRIPTION,Тяжелый и прочный слиток - прекрасное вложение моей руды.,Perfect for crafting durable metal objects.,
_ITEM_PLANK_NAME,Доска,Plank,
_ITEM_PLANK_DESCRIPTION,Доска. Возможно из ценных пород древесины.,"Perhaps of fine wood (actually, not).",
_ITEM_ROPE_NAME,Веревка,Rope,
_ITEM_ROPE_DESCRIPTION,Веревка - незаменимая вещь в походе.,An irreplaceable thing in any trip.,
_ITEM_SKIN_NAME,Шкуры,Skins,
_ITEM_SKIN_DESCRIPTION,"Шкуры животных,  из них можно сделать кожанные ремни.","Skins of different animals, you can make excellent belts of them.",
_ITEM_TRAP_NAME,Ловушка,Trap,
_ITEM_TRAP_DESCRIPTION,Хитрая ловушка для мелких животных.,Tricky trap for small animals.,
_ITEM_CROSSBOWTURRET_NAME,Арбалетная турель,crossbow turret,
_ITEM_CROSSBOWTURRET_DESCRIPTION,Мощная деревянная оборонная установка,Powerful wooden defense installation,
_ITEM_GUNTURRET_NAME,Пушечная турель,gun turret,
_ITEM_GUNTURRET_DESCRIPTION,Мощная ядерная оборонная установка,Powerful defense nuclear plant,
_ITEM_GRENADE,Граната,Grenade,
_ITEM_GRENADE_DESCRIPTION,Описание гранаты,Grenade description,
_ITEM_TRAPBERRY_NAME,Ловушка с ягодой,Trap with berries,
_ITEM_TRAPBERRY_DESCRIPTION,Ловушка с приманкой из ягоды.,Trap with berries inside.,
_ITEM_TURRET_NAME,Турель,Tourelle,
_ITEM_TURRET_DESCRIPTION,Девайс. Подходит для обороны базы,Device. Suitable for base defense,
_ITEM_RABBITENTITY_NAME,Кролик,Rabbit,
_ITEM_RABBITENTITY_DESCRIPTION,Милый пушистый кролик.,A cute furry rabbit.,
_ITEM_RABBITPETENTITY_NAME,Прирученный черный кролик.,Tamed black rabbit,
_ITEM_RABBITPETENTITY_DESCRIPTION,Мой ручной кролик.,My tamed rabbit.,
_ITEM_RABBITBLACKENTITY_NAME,Черный кролик,Black rabbit,
_ITEM_RABBITBLACKENTITY_DESCRIPTION,Милый пушистый кролик,A cute furry rabbit.,
_ITEM_RABBITBLACKPETENTITY_NAME,Прирученный черный кролик.,Tamed black rabbit.,
_ITEM_RABBITBLACKPETENTITY_DESCRIPTION,Мой ручной кролик. Очень милый питомец.,My tamed rabbit. A very cute pet.,
_ITEM_DRONTENTITY_NAME,Дронт,Dodo,
_ITEM_DRONTENTITY_DESCRIPTION,Странная перепуганная курица.,Strange and scared bird.,
_ITEM_DRONTPETENTITY_NAME,Ручной дронт,Tamed dodo,
_ITEM_DRONTPETENTITY_DESCRIPTION,Прирученная курица.,Tamed bird,
_ITEM_DRONTGUARDENTITY_NAME,Большой дронт,Big dodo,
_ITEM_DRONTGUARDENTITY_DESCRIPTION,Большая перепуганная курица.,Big scared bird,
_ITEM_DRONTGUARDPETENTITY_NAME,Ручной дронт.,Tamed dodo,
_ITEM_DRONTGUARDPETENTITY_DESCRIPTION,Прирученный боевой питомец.,Tamed combat pet.,
_ITEM_ROBODRONTENTITY_NAME,Робот-дронт.,Mech dodo,
_ITEM_ROBODRONTENTITY_DESCRIPTION,Робот курица. Чего только не увидешь в этой игре.,Mech bird. Not much smarter than the rest of them.,
_ITEM_COLLAR_NAME,Ошейник,Collar,
_ITEM_COLLAR_DESCRIPTION,Красивый ошейник придется по вкусу любому животному.,Animals will like this beautiful collar.,
_ITEM_EGG_NAME,Яйцо,Egg,
_ITEM_EGG_DESCRIPTION,Яйцо дронта. Из него бы вышла прекрасная глазунья.,Dodo egg. Tasty when fried.,
_ITEM_BLACKSKIN_NAME,Черная шкура,Black skin,
_ITEM_BLACKSKIN_DESCRIPTION,Трофей с черного рогача.,A skin of a rare black horned animal.,
_ITEM_RESIN_NAME,Смола,Resin,
_ITEM_RESIN_DESCRIPTION,Смола - очень липкая и тягучая.,Liquid natural resin. One can make rubber of it.,
_ITEM_SCROLL_IRONMECH_NAME,"Свиток ""Железный голиаф""",Iron goliath scroll,
_ITEM_SCROLLIRONMECH_DESCRIPTION,Здесь простым языком описаны сложные схемы создания огромного железного робота,Iron Mech scroll,
_ITEM_SCROLL_STONEMECH_NAME,Свиток железного меха,Scroll stone goliath,
_ITEM_SCROLL_STONEMECH_DESCRIPTION,Описание свитка железного меха,Scroll stone goliath description,
_ITEM_COIN_NAME,Монета,Coin,
_ITEM_COIN_DESCRIPTION,"Мелкая монета, с  рогатым президентом на ней.",A coin with a portrait of the horned President.,
_ITEM_METAL_ROD_NAME,Железный стержень,Iron rod,
_ITEM_METAL_ROD_DESCRIPTION,Железный стержень - незаменимая вещь.,An indispensable item.,
_ITEM_STRONG_THREAD_NAME,Прочная нить,Strong thread.,
_ITEM_STRONG_THREAD_DESCRIPTION,Прочная нить. Выдерживает вес 3.5 барсов.,A useful material.,
_ITEM_HOBNAIL_NAME,Гвоздь,Nail,
_ITEM_HOBNAIL_DESCRIPTION,Крепкий и острый гвоздь.,Solid and sharp nail.,
_ITEM_SALTPETER_NAME,Селитра,Nitrate,
_ITEM_SALTPETER_DESCRIPTION,"Селитра, основа для пороха.",The basis for gunpowder.,
_ITEM_GUNPOWDER_NAME,Порох,Gunpowder,
_ITEM_GUNPOWDER_DESCRIPTION,Порох. Он выглядит обманчиво безобидным.,Looks deceptively harmless.,
_ITEM_BOMB_NAME,Бомба,Bomb,
_ITEM_BOMB_DESCRIPTION,Разрушительная мощь под моим управлением!,"A small, but highly destructive object.",
_ITEM_FRAG_NAME,Осколочная граната,Frag,
_ITEM_FRAG_DESCRIPTION,Описание осколочной гранаты,Frag description,
_ITEM_STUN_GRENADE_NAME,Огрушаяющая граната,Stun grenade,
_ITEM_STUN_GRENADE_DESCRIPTION,Описание оглушающей гранаты,Stun grenade description, 
_ITEM_POISON_GRENADE_NAME,Отравляющая граната,Poison grenade,
_ITEM_POISON_GRENADE_DESCRIPTION,Описание отравляющей гранаты,Poison grenade description,
_ITEM_MINE_NAME,Мина,Mortar bomb,
_ITEM_MINE_DESCRIPTION,Взрывной сюрприз для моих врагов.,The most important is always to remember where it is.,
_ITEM_CAST_IRON_NAME,Чугун,Cast iron,
_ITEM_CAST_IRON_DESCRIPTION,"Мой новый сплав железа, я называю это чугуном.",An alloy of iron and coal.,
_ITEM_POISON_STRENGTH_NAME,Зелье силы,Strength Potion,
_ITEM_POISON_STRENGTH_DESCRIPTION,Зелье силы. Настоящие природные стероиды.,The result is impressive!,
_ITEM_POISON_STRENGTH_LITE_NAME,Слабое зелье силы,Small strength potion,
_ITEM_POISON_STRENGTH_LITE_DESCRIPTION,Жалкое подобие настоящего зелья силы. ЭХ!,Pitiful semblance of the strength potions. Meh!,
_ITEM_POISON_SPEED_NAME,Отвар ускорения,Speed up brew,
_ITEM_POISON_SPEED_DESCRIPTION,"Отвар ускорения, у Флеша был такой же.",A mysterious elixir for very fast actions.,
_ITEM_TEETH_NAME,Зубы,Fangs,
_ITEM_TEETH_DESCRIPTION,"Острые клыки хищника, вроде  без кариеса.","Sharp fangs of a predator, no caries detected.",
_ITEM_ADAMANT_NAME,Алмаз,Diamond,
_ITEM_ADAMANT_DESCRIPTION,Алмаз. Подойдет для украшения кольца или создания лазерной пушки.,Perfect for a jewelry ring or a laser gun.,
_ITEM_STEEL_SHEET_NAME,Железный лист,Iron sheet,
_ITEM_STEEL_SHEET_DESCRIPTION,Железный лист. Пять миллиметров железной брони.,Five millimeters of iron armor.,
_ITEM_TOOLBOX_NAME,Ремонтный набор,Repair kit,
_ITEM_TOOLBOX_DESCRIPTION,"Ремонтный набор. Как пластырь или зеленка, но только для роботов.",The first-aid kit for mechs.,
_ITEM_SECONDARY_TOOLBOX_NAME,Средний ремонтный набор.,Medium repair kit,
_ITEM_SECONDARY_TOOLBOX_DESCRIPTION,Средний ремонтный набор. Для роботов прошедших тяжелые битвы.,For Goliaths passed hard battles.,
_ITEM_BIG_TOOLBOX_NAME,Большой ремонтный набор.,Big repair kit,
_ITEM_BIG_TOOLBOX_DESCRIPTION,"Большой ремонтный набор. Как реанимация, только для роботов.",Intensive care for Goliaths.,
_ITEM_BLACK_COAT_NAME,Черная шуба,Black coat,
_ITEM_BLACK_COAT_DESCRIPTION,Черная шуба. Смотрится по королевски.,"Black coat, it is a quest item.",
_ITEM_SILICON_NAME,Кремний,Silicon,
_ITEM_SILICON_DESCRIPTION,Кремний один из основопологающий компонентов для каменных голиафов,Silicon. A very useful thing.,
_ITEM_SMALL_BAG_NAME,Малая сумка,Small bag,
_ITEM_SMALL_BAG_DESCRIPTION,Расширяет инвентарь до 20 ячеек,Expands Inventory to 20 cells,
_ITEM_BIG_BAG_NAME,Большая сумка,Big bag,
_ITEM_BIG_BAG_DESCRIPTION,Расширяет инвентарь до 30 ячеек,Expands Inventory to 30 cells,
_ITEM_WORKBENCH_NAME,Верстак,Crafting table,
_ITEM_WORKBENCH_DESCRIPTION,Деревянный мех и крафт простых вещей,Wooden craft fur and simple things,
_ITEM_CHEST_NAME,Сундук,Chest,
_ITEM_CHEST_DESCRIPTION,Сундук на 15 ячеек,Chest 15 cells,
_ITEM_WOOD_BLOCK_NAME,Деревянная стена,Wooden wall,
_ITEM_WOOD_BLOCK_DESCRIPTION,Стена для обороны базы,Wall to defend the base,
_ITEM_STONE_BLOCK_NAME,Каменный блок,Stone block,
_ITEM_STONE_BLOCK_DESCRIPTION,Если отсечь все лишнее - получится прекрасная скульптура.,If you cut off all the excess - had a magnificent sculpture.,
_ITEM_BIG_CHEST_NAME,Большой сундук,Large chest,
_ITEM_BIG_CHEST_DESCRIPTION,Укреплённый сундук на 30 ячеек,Fortified chest 30 cells,
_ITEM_SMELTERY_NAME,Плавильня,smeltery,
_ITEM_SMELTERY_DESCRIPTION,Железный мех и всякий stuff,Iron fur and just stuff,
_ITEM_SHELL_ENTITY_NAME,Сущность снаряда,The essence of the projectile,
_ITEM_SHELL_ENTITY_DESCRIPTION,Описание сущности снаряда,SUMMARY projectile,
_ITEM_LIFE_ENTITY_NAME,Сущность жизни,The essence of life,
_ITEM_LIFE_ENTITY_DESCRIPTION,Описание сущности жизни,Description of the essence of life,
_ITEM_SPEED_ENTITY_NAME,Сущность движения,The essence of the movement,
_ITEM_SPEED_ENTITY_DESCRIPTION,Описание сущности движения,SUMMARY movement,
_ITEM_BOWLER_NAME,Котелок,Bowler,
_ITEM_BOWLER_DESCRIPTION,Описание котелка,Bowler description,
_ITEM_ELECTRIC_TURRET_NAME,Электрическая турель,Electric turret,
_ITEM_ELECTRIC_TURRET_DESCRIPTION,Девайс. Подходит для обороны базы,Device. Suitable for base defense,
_ITEM_FIRE_TURRET_NAME,Огненная турель,Fire Sentry,
_ITEM_FIRE_TURRET_DESCRIPTION,Девайс. Подходит для обороны базы,Device. Suitable for base defense,
_ITEM_IRON_BLOCK_NAME,Железная стена,The Iron wall,
_ITEM_IRON_BLOCK_DESCRIPTION,Стена для обороны базы,Wall to defend the base,
_ITEM_GUN_TURRET_NAME,Пушка-турель,The gun-turret,
_ITEM_GUN_TURRET_DESCRIPTION,Девайс. Подходит для обороны базы,Device. Suitable for base defense,
_ITEM_JAM_NAME,Ягодный джем,Berry jam,
_ITEM_JAM_DESCRIPTION,Ням-ням!,Works as a mild healing,
_ITEM_FRIED_MUSHROOM_NAME,Жареный гриб,Fried mushrooms,
_ITEM_FRIED_MUSHROOM_DESCRIPTION,Можно сьесть. Обладает лечебными свойствами.,Works as a mild healing,
_ITEM_OMELETTE_NAME,Омлет,Omelette,
_ITEM_OMELETTE_DESCRIPTION,Действует как слабая лечилка,Works as a mild healing,
_ITEM_MECHMAKER_NAME,Сборщик мехов,Fur collector,
_ITEM_MECHMAKER_DESCRIPTION,Каменный мех и сложные предметы,Allows to collect furs,
_ITEM_WOOL_NAME,Шерсть,Wool,
_ITEM_WOOL_DESCRIPTION,"Мягкая, теплая и крепкая. В хозяйстве пригодится","Soft, warm, and sturdy. It would be of much help!",
_ITEM_POWER_CRYSTAL_NAME,Энергетический кристалл,Energy gem,
_ITEM_POWER_CRYSTAL_DESCRIPTION,Энергетический кристалл. Самодельная батарейка.,A handmade battery.,
_ITEM_HORN_NAME,Рог,Horn,
_ITEM_HORN_DESCRIPTION,Острый рог большого быка. Из него можно сделать отличное оружие.,"A sharp horn of a big bull, is used for making weapons.",
_ITEM_EGG_POISON_NAME,Отравленное яйцо,Poisoned egg,
_ITEM_EGG_POISON_DESCRIPTION,Это яйцо будет сюрпризом для лидера Гнарков,This egg will be a surprise for the gnarks’ chief.,
_ITEM_GEAR_NAME,Деревянная шестерня,Wooden gear,
_ITEM_GEAR_DESCRIPTION,Деревянная шестерня. С помощью этой детали можно многое сделать.,A part of a wooden mechanism.,
_ITEM_BRONZEORE_NAME,Бронзовая руда,Bronze ore,
_ITEM_BRONZEORE_DESCRIPTION,"Бронзовая руда, ее можно переплавить в  слиток.",One can make a bronze bar of it.,
_ITEM_BELT_NAME,Ремень,Belt,
_ITEM_BELT_DESCRIPTION,"Ремень прекрасно подойдет, чтобы скрепить что-нибудь. А еще им можно подвязать штаны.",The belt is perfect for fastening anything.,
_ITEM_COPPER_INGOT_NAME,Бронзовый слиток,Bronze bar,
_ITEM_COPPER_INGOT_DESCRIPTION,Бронзовый слиток - незаменимая в хозяйстве вещь.,Perfect for crafting simple metal objects.,
_ITEM_SPIDER_WEB_NAME,Паутина,Spider web,
_ITEM_SPIDER_WEB_DESCRIPTION,"Липкая паутина, добытая с риском для жизни.",Sticky web obtained at the risk of one’s own life.,
_ITEM_STONE_WHEEL_NAME,Каменное колесо,Stone wheel,
_ITEM_STONE_WHEEL_DESCRIPTION,"Каменное колесо. Первобытные люди умерли бы от зависти, увидев его.",Rimitive people would have eaten their hearts if had seen this.,
_ITEM_BLACKSPIDERWEB_NAME,Черная паутина.,Black web,
_ITEM_BLACKSPIDERWEB_DESCRIPTION,Липкая паутина черного цвета.,Sticky black web.,
_ITEM_RUBBER_NAME,Каучук,Rubber,
_ITEM_RUBBER_DESCRIPTION,Жидкий каучук. В новом голеафе будет скреплять дерево и динамит.,Rubber is an excellent insulator for wires.,
_ITEM_COIL_WIRE_NAME,Катушка,Spool,
_ITEM_COIL_WIRE_DESCRIPTION,Аккуратно смотанная проволока.,A nicely curved wire.,
_ITEM_COPPER_WIRE_NAME,Медный провод.,Copper wire,
_ITEM_COPPER_WIRE_DESCRIPTION,"Отличный медный провод, подойдет для кучи вещей.",An excellent copper wire can be applied in many ways.,
_ITEM_SPRING_NAME,Пружина,Spring,
_ITEM_SPRING_DESCRIPTION,"Сжимается и разжимается, очень занятная штука.","Shrinks and expands, a very entertaining item.",
_ITEM_SCREW_NAME,Шуруп,Screw,
_ITEM_SCREW_DESCRIPTION,Гвоздь который можно вкручивать отверткой.,Needs to be twisted in.,
_ITEM_STONE_DUST_NAME,Каменная пыль,Stone dust,
_ITEM_STONE_DUST_DESCRIPTION,Каменная пыль - побочный продукт переработки камня.,Byproduct of the stone processing.,
_ITEM_GENERATOR_NAME,Энергоблок.,Power unit,
_ITEM_GENERATOR_DESCRIPTION,Энергоблок. Неиссякаемый источник энергии!,An inexhaustible source of energy!,
_ITEM_MAUL_NAME,Кувалда,Sledgehammer,
_ITEM_MAUL_DESCRIPTION,Тяжелый молот для тяжелой работы.,A heavy hammer for hard work.,
_ITEM_SUPER_GLUE_NAME,Суперклей,Superglue,
_ITEM_SUPER_GLUE_DESCRIPTION,"Улучшенная версия клея, теперь я мог склеить все что угодно!",An upgraded glue. Now I can glue everything!,
_ITEM_STONE_GEAR_NAME,Каменная шестерня,Stone gear,
_ITEM_STONE_GEAR_DESCRIPTION,Тяжелая шестерня для средневековых механизмов.,Heavy gear for harsh mechanisms.,
_ITEM_WIRE_NAME,Провод,Wire,
_ITEM_WIRE_DESCRIPTION,Провод. Теперь я смогу провести электричество!,Now I can conduct electricity!,
_ITEM_PINCH_BAR_NAME,Лом,Scrap metal,
_ITEM_PINCH_BAR_DESCRIPTION,Лом. Куча разного железа.,A pile of various metal objects.,
_ITEM_FIRESTONE_NAME,Огненный камень,Fire stone,
_ITEM_FIRESTONE_DESCRIPTION,"Огненный камень. Горячий и опасный, совсем как я.",Strange stone... A hot one!,
_ITEM_CRYSTAL_NAME,Кристалл,Crystal,
_ITEM_CRYSTAL_DESCRIPTION,"Прекрасно подойдет для обручального кольца, лазера смерти и прочих полезных вещей.",Crystal,
_ITEM_MICROCHIP_NAME,Микросхема,Microchip,
_ITEM_MICROCHIP_DESCRIPTION,Микросхема. Первый шаг к изобретению компьютера и интернета!,The first step towards inventing a computer and Internet!,
_ITEM_POWER_ADAMANT_NAME,Энергетический алмаз,Power adamant,
_ITEM_POWER_ADAMANT_DESCRIPTION,Энергетический алмаз.,Power adamant. Like a small battery.,
_ITEM_CHITIN_NAME,Хитин,Chitin,
_ITEM_CHITIN_DESCRIPTION,Хитин. Природая броня насекомых.,Natural armor of insects.,
_ITEM_DUNG_NAME,Птичий помет,Dung,
_ITEM_DUNG_DESCRIPTION,"Птичий помет. Пахнет отвратительно, но все равно буду хранить.",Birds dung.,
_ITEM_FUEL_NAME,Топливо,Fuel,
_ITEM_FUEL_DESCRIPTION,"Топливо, прекрасное горючее.",Fuel. Burns well.,
_ITEM_AXE_NAME,Топор,Axe,
_ITEM_AXE_DESCRIPTION,Топор складной.,Axe,
_ITEM_TROSS_NAME,Трос,Rope,
_ITEM_TROSS_DESCRIPTION,Трос. Им можно связать даже разъяренного рогача! Но проверять я не буду.,"One can tie even a furious horned creature with it (actually, not)",
_ITEM_PICK_NAME,Кирка,Pick hammer,
_ITEM_PICK_DESCRIPTION,Позволяет разбивать камни,Allows to crash stones,
_ITEM_TOXICMUSHROOM_NAME,Токсичный гриб,Toxic mushroom,
_ITEM_TOXICMUSHROOM_DESCRIPTION,Не стоит употреблять этот гриб в пищу,You should not use this mushroom to eat,
_ITEM_TREASUREMAP_NAME,Карта сокровищ,Treasure map,
_ITEM_TREASUREMAP_DESCRIPTION,Кто-то закопал сокровища и нарисовал карту,Someone has buried treasures and draw the map,
_ITEM_FIREFANG_NAME,Огненный клык,Fire fang,
_ITEM_FIREFANG_DESCRIPTION,Острые и полыхающие огнем клыки пригодятся для новых видов оружия.,Sharp fangs and a raging fire will be useful for new weapons.,
_ITEM_FIREBALSAM_NAME,Огненный бальзам,Fire balm,
_ITEM_FIREBALSAM_DESCRIPTION,Огненный бальзам может послужить ингредиентов для новых видов оружия.,Fire balm can serve as ingredients for new weapons.,
_ITEM_EXPLOSIVEGLAND_NAME,Взрывная железа,Explosive gland,
_ITEM_EXPLOSIVEGLAND_DESCRIPTION,Взрывная железа будет эффективна при создании новых оружий,Explosive iron is effective in creating new weapons,
_ITEM_GASTRICJUICEGRABBER_NAME,Желудочный сок граббера,Grabber's gland,
_ITEM_GASTRICJUICEGRABBER_DESCRIPTION,Будет отличным реагентом для огненных орудий,It will be an excellent reagent for fire guns,
_ITEM_MEDIEVALMECHANISM_NAME,Средневековый механизм,Medieval mechanism,
_ITEM_MEDIEVALMECHANISM_DESCRIPTION,"Странная вещь, но определенно полезная.",Hi-tech invention from the Middle Ages.,
_ITEM_SCRAP_NAME,Металлолом,Scrap,
_ITEM_SCRAP_DESCRIPTION,Идеальный материал для металлических полок,A pile of various metal objects.,
_ITEM_CAMOUFLAGETAPE_NAME,Камуфляжная лента,Camouflage tape,
_ITEM_CAMOUFLAGETAPE_DESCRIPTION,Если надо что-то замаскировать. Идеально сочетается с чертежами на некоторые виды голиафов.,If you have something to conceal. Ideal with drawings on certain types of Goliaths.,
_ITEM_DYNAMITE_NAME,Динамит,Dynamite,
_ITEM_DYNAMITE_DESCRIPTION,Пригодится для создания по настоящему взрывного голиафа,Useful for creating the present explosive goliath,
_ITEM_ACID_NAME,Кислота,Acid,
_ITEM_ACID_DESCRIPTION,Требуется аккуратность в использовании,Wear goggles!,
_ITEM_FROSTYSTONE_NAME,Морозный камень,Frosty stone,
_ITEM_FROSTYSTONE_DESCRIPTION,Из этого материала выйдет отличный каменный голиаф устойчивый к морозу.,From this material will be released a great stone Goliath resistant to frost.,
_ITEM_HEAVYDUTYGLUE_NAME,Сверхпрочный клей,Superglue,
_ITEM_HEAVYDUTYGLUE_DESCRIPTION,С помощью этого клея можно сделать голиафа покрепче. Жаль что он клеит только дерево.,With this glue can be made stronger Goliath. It is a pity that it is only wood glues.,
_ITEM_BONE_NAME,Кость,Bone,
_ITEM_BONE_DESCRIPTION,Обычная кость...ничего особенного,Normal bone is ... nothing special,
_ITEM_ADAMANTIN_NAME,Адамантин,Adamant,
_ITEM_ADAMANTIN_DESCRIPTION,Адамантин,Adamantine,
_ITEM_METEORITE_NAME,Метеорит,Meteorite,
_ITEM_METEORITE_DESCRIPTION,Его можно переплавить в слиток,It can be melted into an ingot,
_ITEM_FROSTSHARD_NAME,Морозный осколок,Frost shard,
_ITEM_FROSTSHARD_DESCRIPTION,Весьма удобен для создания оружия с морозным уроном.,A concentrated piece of winter.,
_ITEM_FROSTNECKLACE_NAME,Ожерелье мороза,Frost necklace,
_ITEM_FROSTNECKLACE_DESCRIPTION,Эти камушки с ожерелья будут неплохом ингридиентом для создания морозного оружия.,These stones with necklace are quite good ingredient for creating frosty weapons.,
_ITEM_CRYSTALSCOLD_NAME,Кристаллы холода,Cold crystal,
_ITEM_CRYSTALSCOLD_DESCRIPTION,Можно использовать с пользой.,Can be used with advantage.,
_ITEM_AUGER_NAME,Бур,Bore,
_ITEM_AUGER_DESCRIPTION,Ого - это же просто находка! Можно попробовать создать нового железного голиафа.,Wow - this is a godsend! You can try to create a new iron goliath.,
_ITEM_ENGINE_NAME,Двигатель,Engine,
_ITEM_ENGINE_DESCRIPTION,Двигатель - сердце машины.,The engine - the heart of the machine.,
_ITEM_CARTOON_NAME,Журнал комиксов,Cartoon journal,
_ITEM_CARTOON_DESCRIPTION,Нет описания,No description,
_ITEM_THEESSENCEOFDARKNESS_NAME,Эссенция тьмы,dark Essence,
_ITEM_THEESSENCEOFDARKNESS_DESCRIPTION,Нет описания,No description,
_ITEM_SUITCASEMAGICIAN_NAME,Чемодан фокусника,Magic suitcase,
_ITEM_SUITCASEMAGICIAN_DESCRIPTION,Нет описания,No description.,
_ITEM_GENERATORMAGICALENERGY_NAME,Генератор магической энергии,Generator magical energy,
_ITEM_GENERATORMAGICALENERGY_DESCRIPTION,Нет описания,No description,
_ITEM_MAGICIANHAT_NAME,Шляпа фокусника,Magician's hat,
_ITEM_MAGICIANHAT_DESCRIPTION,Нет описания,No description.,
_ITEM_ROCKETENGINE_NAME,Ракетный двигатель,Rocket engine,
_ITEM_ROCKETENGINE_DESCRIPTION,Отличный источник питания для моих голиафов. Пойдет на детали.,No description.,
_ITEM_Q093_GREAT_KAMENUKA_NAME,Великая каменюка,Holy Rock Thing,
_ITEM_Q093_GREAT_KAMENUKA__DESCRIPTION,Великая каменюка. Големы поклоняются этому холодному бездушному куску камня,Holy Rock Thing. Object of worshiping for every respectable golem.,
_ITEM_Q087_DIARY_SHEET_1_NAME,Лист 1,Torn page 1,
_ITEM_Q087_DIARY_SHEET_1_DESCRIPTION,Вырванный лист из дневника 1,Torn from journal page 1,
_ITEM_Q087_DIARY_SHEET_2_NAME,Лист 2,Torn page 2,
_ITEM_Q087_DIARY_SHEET_2_DESCRIPTION,Вырванный лист из дневника 2,Torn from journal page 2,
_ITEM_Q087_DIARY_SHEET_3_NAME,Лист 3,Torn page 3,
_ITEM_Q087_DIARY_SHEET_3_DESCRIPTION,Вырванный лист из дневника 3,Torn from journal page 3,
_ITEM_Q087_DIARY_SHEET_4_NAME,Лист 4,Torn page 4,
_ITEM_Q087_DIARY_SHEET_4_DESCRIPTION,Вырванный лист из дневника 4,Torn from journal page 4,
_ITEM_Q087_DIARY_SHEET_5_NAME,Лист 5,Torn page 5,
_ITEM_Q087_DIARY_SHEET_5_DESCRIPTION,Вырванный лист из дневника 5,Torn from journal page 5,
_ITEM_Q087_DIARY_OF_KLADOISKATEL_NAME,Дневник кладоискателя,Treasure hunter’s torn journal,
_ITEM_Q087_DIARY_OF_KLADOISKATEL_DESCRIPTION,Дневник кладоискателя. Часть страниц вырвана,Treasure hunter’s torn journal. Many pages are missing.,
_ITEM_Q087_KAMEN_VSEMOGUSHESTVA_NAME,Камень Всемогущества,Stone of Omnipotence,
_ITEM_Q087_KAMEN_VSEMOGUSHESTVA_DESCRIPTION,Великий камень всемогущества. Обладателя постепенно превращает в монстра. В прямом смысле слова,Stone of Omnipotence. Gradually turns its possesor into a monster. Literally.,
_ITEM_METEORITE_INGOT_NAME,Метеоритный слиток,Meteorite ingot,
_ITEM_METEORITE_INGOT_DESCRIPTION,"Метеоритный слиток. Холодный, прочный, космический.","Meteorite ingot. Cool, durable, space.",
_ITEM_FUEL_NAME_MANY,Топливо,Fuel,
_MONEY,Деньги,Money,
_ITEM_BERRY_NAME_MANY,Ягоды,Berries,
_ITEM_LEAF_NAME_MANY,Листья,Leaves,
_ITEM_MUCUS_NAME_MANY,Слизь,Mucus,
_ITEM_CLUTCH_NAME_MANY,Когти,Claws,
_ITEM_SKIN_NAME_MANY,Скины,Skins,
_ITEM_TRAPBERRY_NAME_MANY,Ловушка с ягодами,Traps with berries,
_ITEM_RESIN_NAME_MANY,Смола,Resin,
_ITEM_GUNPOWDER_NAME_MANY,Порох,Gunpowder,
_ITEM_TEETH_NAME_MANY,Клыки,Fangs,
_ITEM_SILICON_NAME_MANY,Кремний,Silicon,
_ITEM_JAM_NAME_MANY,Ягодный джем,Berry jam,
_ITEM_FRIED_MUSHROOM_NAME_MANY,Жареные грибы,Fried mushrooms,
_ITEM_RUBBER_NAME_MANY,Ластик,Rubber,
_ITEM_CHITIN_NAME_MANY,Хитин,Chitin,
_ITEM_ACID_NAME_MANY,Кислота,Acid,
_ITEM_IRONMECH_1_CROSSBOW_NAME,Арбалет,Crossbow,
_ITEM_IRONMECH_1_CROSSBOW_DESCRIPTION,Описание арбалета,Description,